id_event,id_org
rec2kc61eGTYC7U2T,recC8C5gYTyiQl7ml
rec3DN8lkQFXHtFWn,rec5lseCC8q9jhBOR
rec3huhtJJrkp2Zmh,recOVzCASBczCfogc
rec4Wvf1GBfArOXa7,recqDpqjlLiDnZq9V
rec8T2VwdISzxUpkc,recBmUJqLv4xFUvXh
rec8lTka9quTzu3Lg,recGgDNNn7dUpXF0b
rec9JQYbVBUdljqcC,recQj2J5mpunZ6X9f
recAdxuNvj53AFMHR,recyZQ4DyklmPW807
recDHlJQmWtiRfqag,rechmaSgYSX6uRAlN
recF9BuviMoAnvGIF,rec2fJ0rZ2GF1Av5q
recGPi7sYRgVJ9S7Y,rec5YequFjwzon3bA
recIyKMiRVDO1GYQf,recyysU4ae7XhhM7R
recJCOBgpyy2RXqDm,recYlliVx8tj8Y7W6
recMB6qjQytpkNLdr,recVL8tCZ838jLpkl
recNlcItaPufxkiyu,recH0PRSWVCqZwJtq
recNrrIPy2Yw8EkaW,recVL8tCZ838jLpkl
recOjgOax3QDHTu4O,recwE72mPRWaWVX3c
recOqQE6sQceCsiI1,recArUJu8OC7sp9IW
recP7LiDBRZoj2IIA,recr1zNdH1GYf6QFH
recPfHnpjhvwuouR1,recQj2J5mpunZ6X9f
recQPvAkGoPpEqCRR,rec2fJ0rZ2GF1Av5q
recQUfVxTdAxPAYju,rec5LJzC1fAwQbHFG
recTAhTsFD8h17b8n,recTFa9ejbfUoJ7lk
recTOqhetJDgwT0wo,recdjtg2QEQYTwUUG
recTQA7ydhaBOPrtu,recwagi7H7lgvxdBR
recTYuuXL1xjw2s3n,rec7oYNiRiNJ2lwZR
recVoCqyLWK97NjK0,rec2fJ0rZ2GF1Av5q
recWx0pmEnTTvm331,recyysU4ae7XhhM7R
recXQqGEsUehgR0xZ,rec7UbDwdXBUnFRAs
recXmLjHMw8lPWBvX,rec4SVoDu4p190JER
recZOzKxfgcbFW4dM,recEBGsTDH5Piqbwi
recZWPGyDS4xuNsng,recl3AgDyVaZZg6YL
recbnxPJCxUu87GFx,recTVfmHrVUT9PfJk
recbnxPJCxUu87GFx,recTqcDpxMhmhya6w
recc6qPYFKuNmSDTE,reciJTy6homZP5PfC
recdXS2O331WWjEAY,rec7oYNiRiNJ2lwZR
receh3wc7kSZCwixa,recQj2J5mpunZ6X9f
recekbd5BWMi35gAy,recWBkiR8Ks60p7Ko
recfbodb0nfN8YeHD,reciHgZL6llW9ASZz
recgNvcuGXWCbhY1e,recl3AgDyVaZZg6YL
rech9L7MgoyQuQag1,recGlFj8BpyTsXWr0
rechQBoM3hqsYtTQ8,rec4SVoDu4p190JER
rechvS9DZFpolOexX,rec5gg8KRBSkIllu7
recjuwCxeZjAechwj,recRIBR8xBKoPUb0Z
reckB1zQIs4XusqzQ,recGmDDpOvRfX96Cq
reckYL5jUlAbFaPxp,recxdWDMenPcidBac
reckaVksbDyscWcv4,recWKrcTTKUY95be4
recmbgLsEV4grpyCC,rec5aqCqfoiVvlF11
recoK5qG46eoKa81E,rec9ZOeuqH5thMtaF
recpFNEldTpZuviTu,reclwUOXm5yGoBFQn
recq8uwmRFcvE9pE7,recPjV2LBWPsB3lDY
recqPG3N6x7FQdXHz,recRxKqzvI32Tz9Dw
recsqlCxjQ6GhQ1jf,recgEjCwgLgioDc2t
recwSQ4IenjahCJRQ,recc1VeUi0jgIvQyp
recx87t4R4L8Y6rry,reckIS8YPi30RRbbS
recy64HiD8p7PDfG9,rec4SVoDu4p190JER
