id_experson,id_org
วุฒิกร สติฐิต,recTqcDpxMhmhya6w
เกษรา ธัญลักษณ์ภาคย์,rec2p8rkJ5ymRT3kb
พีรพงศ์ กรินชัย,reczu68mQSsLl5oMU
เกรียรไกร เธียรนุกุล,rechmaSgYSX6uRAlN
ดร.สมเกียรติ ตั้งกิจวานิชย์,recyLOlw7oAwzbdj1
เฉลา กาญจนา,recWKrcTTKUY95be4
จิราพร มรกตจินดา,recEcpVcUgaajFAMc
ดร.เอกนิติ นิติทัณฑ์ประภาส,recuH5WB0jXxXM6EE
ดร.สุชาติ เซี่ยงฉิน,recRxKqzvI32Tz9Dw
พริษฐ์ วัขรสินธุ,recl8zVyZell3NYPB
อรรถพล ฤกษ์พิบูลย์,recTqcDpxMhmhya6w
วิชัย ณรงค์วณิชย์,rec4SVoDu4p190JER
นครินทร์ วนกิจไพบูลย์,recSBOqwGBDuiVTPy
ชัยวัฒน โคววิสารัช,recmBVdX7gAGIRbY4
ดร.กรินทร์ บุญเลิศวาณิชย์,rec4SVoDu4p190JER
วิชัย ณรงค์วณิชย์,rec4SVoDu4p190JER
ดร.ชัชชาติ สิทธิพันธุ์,recXgPBT8xQv8TfAv
ดร.วิทย์ สิทธิเวคิน,recSBOqwGBDuiVTPy
เรืองโรจน์ พูนผล,rec4SVoDu4p190JER
ภัทราวรรณ สุขคันธรักษ์,recbuZDr65GIZoTbb
เศรษฐา ทวีสิน,recXgPBT8xQv8TfAv
เทพรัตน์ เทพพิทักษ์,recSNYFT5AsliN3Us
เรืองโรจน์ พูนผล,rec4SVoDu4p190JER
ดร.กรินทร์ บุญเลิศวาณิชย์,rec4SVoDu4p190JER
ฮิโรกิ นะกะจิมะ,rec5azAMw2GErtP9I
เกียรติชาย ไม่ตรีวงษ์,reciJTy6homZP5PfC
อรรถพล ฤกษ์พิบูลย์,recTqcDpxMhmhya6w
ดร.วิทย์ สิทธิเวคิน,recSBOqwGBDuiVTPy
สารัชถ์ รัตนาวะดี,recrqLYMthIqeAnit
ดร.พิรุณ สัยยสิทธิ์พานิช,recVL8tCZ838jLpkl
คมกฤช ตันตระวาณิชย์,recBYiCzvRDrqYk8C
เศรษฐา ทวีสิน,recXgPBT8xQv8TfAv
เศรษฐา ทวีสิน,recXgPBT8xQv8TfAv
ดร.สุชาติ เซี่ยงฉิน,recRxKqzvI32Tz9Dw
สมภพ พัฒนอริยางกูล,recZdNSYrIAUiQ6RM
วัชรพงศ์ ทองรุ่ง,rec1nsp5LiESo9k97
