id_experson,id_event
ภัทราวรรณ สุขคันธรักษ์,reckB1zQIs4XusqzQ
น.อ.รศ.ดร.ธนากร พีระพันธุ์,recfaiIF8exHw1AqT
นครินทร์ วนกิจไพบูลย์,recy64HiD8p7PDfG9
เทพรัตน์ เทพพิทักษ์,reckB1zQIs4XusqzQ
สุทิน หิรัญอ่อน,recJlBgtJP6tRzUty
สุภารัตน์ สาคร,recJlBgtJP6tRzUty
ธีระพงษ์ วิมลจิตรานนท์,recJlBgtJP6tRzUty
กาญจน์ชนิษฐา เอกแสงศรี,recJlBgtJP6tRzUty
พงษ์ศักดิ์ จ.,reckwb77ftqJuur61
นฤมล โชคดำรงสุข,rec7Y7tAZqW90NdHt
ดร.กรินทร์ บุญเลิศวาณิชย์,recXmLjHMw8lPWBvX
ดร.วิทย์ สิทธิเวคิน,recdXS2O331WWjEAY
ปรีชา สายแสง,recJlBgtJP6tRzUty
วัณณิกา รัตพงศ์,recHn0eQdZMkIJeau
แสงชัย ธีรกุลวาณิช,rec4Wvf1GBfArOXa7
จารุบุตร อัศวเรืองชัย,reczfKBfLSWH5iJYj
ผล ดำธรรม,recfaiIF8exHw1AqT
จารุวรรณ เหมือนทองจีน,recxcfc0rhQmpRDo5
Supat Ampaitanakorn,recTZT3h3Qo5PJVka
เจริญชัย เฉลียวเกรียงไกร,recTYuuXL1xjw2s3n
Anh-Hà de FOUCAULD,recTZT3h3Qo5PJVka
บุญมี สรรพคุณ,recHn0eQdZMkIJeau
Rony Soerakoesoemah,recarahqBd5GuM1rN
สมภพ พัฒนอริยางกูล,reckB1zQIs4XusqzQ
วัชรพงศ์ ทองรุ่ง,reckB1zQIs4XusqzQ
พรรรัตน์ เพชรภักดี,recTYuuXL1xjw2s3n
จิราพร มรกตจินดา,reckB1zQIs4XusqzQ
ดร.เอกนิติ นิติทัณฑ์ประภาส,recXmLjHMw8lPWBvX
ปริญญา คุ้มสระพรหม,recfaiIF8exHw1AqT
อธิพงศ์ หิรัญเรืองโชค,rec4Wvf1GBfArOXa7
ดร.กิติพงค์ พร้อมวงค์,recfaiIF8exHw1AqT
ดร.สุชาติ เซี่ยงฉิน,recqPG3N6x7FQdXHz
พริษฐ์ วัขรสินธุ,reckaVksbDyscWcv4
อรรถพล ฤกษ์พิบูลย์,reckaVksbDyscWcv4
Siriporn Parvikam,recarahqBd5GuM1rN
วิชัย ณรงค์วณิชย์,recy64HiD8p7PDfG9
ชัยวัฒน โคววิสารัช,recXmLjHMw8lPWBvX
ดร.วิทย์ สิทธิเวคิน,rechQBoM3hqsYtTQ8
นฤมล พุกพิกุล,recJlBgtJP6tRzUty
เศรษฐา ทวีสิน,recy64HiD8p7PDfG9
วิชัย ณรงค์วณิชย์,reckaVksbDyscWcv4
เศรษฐา ทวีสิน,recTYuuXL1xjw2s3n
เจริญชัย เฉลียวเกรียงไกร,recfaiIF8exHw1AqT
เรืองโรจน์ พูนผล,rechQBoM3hqsYtTQ8
ดร.ชาริกา ชาญนันทพิพัฒน์,rec8y23rTrhnOARfE
นครินทร์ วนกิจไพบูลย์,recdXS2O331WWjEAY
รัฐธนินท์ พฤกษ์สุวรรณ,recVohv0rZofnvsOB
รศ.ดร.จรรยา ชาญชัยชูจิต,reczfKBfLSWH5iJYj
ภัทริสา บุญเสริม,recBLuTlJA4WomDa2
เกษรา ธัญลักษณ์ภาคย์,reckaVksbDyscWcv4
วุฒิกร สติฐิต,reckB1zQIs4XusqzQ
ศักดิ์ศิลป์ ตุลาธร,rec4Wvf1GBfArOXa7
เกรียงไกร เธียรนุกุล,reckB1zQIs4XusqzQ
พีรพงศ์ กรินชัย,reckaVksbDyscWcv4
ณัฐพล ด่านจิตต์ตรง,rec4Wvf1GBfArOXa7
ดร.สมเกียรติ ตั้งกิจวานิชย์,recXmLjHMw8lPWBvX
Dr.Kan-Ern Liew,recTZT3h3Qo5PJVka
ดร.ชุติมา เอี่ยมโชติชวลิต,recJlBgtJP6tRzUty
ขจร ศรีชวโนทัย,recJlBgtJP6tRzUty
เฉลา กาญจนา,reckaVksbDyscWcv4
นิศากร งิ้ววิจิตร,rec2zDAFepjqn6zkS
Pakkapol Leopairut,recTZT3h3Qo5PJVka
Kiyoung Yang,recarahqBd5GuM1rN
ดร.ชัชชาติ สิทธิพันธุ์,recTYuuXL1xjw2s3n
เกียรติชาย ไม่ตรีวงษ์,reckaVksbDyscWcv4
Andreea Visan,receMcjM5jdVkoYQa
ดร.กิติพงค์ พร้อมวงค์,recTYuuXL1xjw2s3n
พิสิทธิ์ แซ่ลิ้ม,recJlBgtJP6tRzUty
ดร.เรวดี อนุวัฒนา,recJlBgtJP6tRzUty
สฤษฏ์ จิตนอก,recHn0eQdZMkIJeau
ดร.วิทย์ สิทธิเวคิน,reckaVksbDyscWcv4
นพดล ชีวะอิสระกุล,recfaiIF8exHw1AqT
สารัชถ์ รัตนาวะดี,reckaVksbDyscWcv4
ศุภชัย เจียรวนนท์,recbnxPJCxUu87GFx
ดร.พิรุณ สัยยสิทธิ์พานิช,reckaVksbDyscWcv4
ดร.ชัชชาติ สิทธิพันธุ์,recbnxPJCxUu87GFx
คมกฤช ตันตระวาณิชย์,reckB1zQIs4XusqzQ
ดร.กรินทร์ บุญเลิศวาณิชย์,recTYuuXL1xjw2s3n
Kacper Pierzynowski,recarahqBd5GuM1rN
