id_event,id_inperson
rec0KPus6meV872LS,rectioNPbYka8M0gD
rec3DN8lkQFXHtFWn,recLaOtexm3AySNZf
rec3huhtJJrkp2Zmh,recxLNIGfbmm9pixK
rec8T2VwdISzxUpkc,recxLNIGfbmm9pixK
rec8lTka9quTzu3Lg,recXf5ExaNoEvBEXf
rec9JQYbVBUdljqcC,recXf5ExaNoEvBEXf
recAdxuNvj53AFMHR,recxLNIGfbmm9pixK
recDHlJQmWtiRfqag,recXf5ExaNoEvBEXf
recF9BuviMoAnvGIF,rechIJBGnBeolLlHf
recF9BuviMoAnvGIF,reczxVeKT3jngBXWu
recJCOBgpyy2RXqDm,rechIJBGnBeolLlHf
recJCOBgpyy2RXqDm,reczxVeKT3jngBXWu
recMB6qjQytpkNLdr,recX5DldQWHj6oR26
recOqQE6sQceCsiI1,recmfaVuWopCa4NWL
recOqQE6sQceCsiI1,recXf5ExaNoEvBEXf
recP7LiDBRZoj2IIA,recxLNIGfbmm9pixK
recPfHnpjhvwuouR1,recrFxbBWUSD3p0ef
recQPvAkGoPpEqCRR,recO2qxIqmIM6yyTV
recTQA7ydhaBOPrtu,recxLNIGfbmm9pixK
recTYuuXL1xjw2s3n,recCQf57J2IVdcxpY
recTYuuXL1xjw2s3n,recvWrrhb5lofJzhk
recTYuuXL1xjw2s3n,recMrUyiihNph1EK1
recXQqGEsUehgR0xZ,recxLNIGfbmm9pixK
recXQqGEsUehgR0xZ,recXf5ExaNoEvBEXf
recXmLjHMw8lPWBvX,recmfaVuWopCa4NWL
recc6qPYFKuNmSDTE,rectioNPbYka8M0gD
recdXS2O331WWjEAY,recXf5ExaNoEvBEXf
recdXS2O331WWjEAY,recvWrrhb5lofJzhk
receh3wc7kSZCwixa,recxLNIGfbmm9pixK
recekbd5BWMi35gAy,reclx2eMb5urWRjX1
rech9L7MgoyQuQag1,recxLNIGfbmm9pixK
rechQBoM3hqsYtTQ8,recMrUyiihNph1EK1
rechvS9DZFpolOexX,recmfaVuWopCa4NWL
rechvS9DZFpolOexX,recXf5ExaNoEvBEXf
reckB1zQIs4XusqzQ,recmfaVuWopCa4NWL
reckYL5jUlAbFaPxp,recJFbopu3xf8C7cg
reckYL5jUlAbFaPxp,reclx2eMb5urWRjX1
reckaVksbDyscWcv4,recmfaVuWopCa4NWL
recmbgLsEV4grpyCC,recwhEhnuPYt441x1
recmbgLsEV4grpyCC,recw9kKgnk4NOSR1q
recpFNEldTpZuviTu,recXf5ExaNoEvBEXf
recq8uwmRFcvE9pE7,recXf5ExaNoEvBEXf
recqPG3N6x7FQdXHz,recmfaVuWopCa4NWL
recqPG3N6x7FQdXHz,recXf5ExaNoEvBEXf
recwSQ4IenjahCJRQ,recxLNIGfbmm9pixK
recy64HiD8p7PDfG9,recrFxbBWUSD3p0ef
